design,tau,split,arrivals,max_arrival_error,max_arrival_percent,endpoint_count,max_slack_error,hard_tns,smooth_tns,tns_percent,hard_wns,smooth_wns,wns_percent,nonfinite,missing,exact_preserved
simple,0.0001,min,34,8.49366188e-07,3.515790399e-06,2,8.49366188e-07,0,0,nan,20.04164314,20.04164244,3.513084538e-06,0,0,1
simple,0.0001,max,34,8.49366188e-07,2.764539546e-06,4,8.49366188e-07,-20.76524734,-20.76524749,6.996609249e-07,-10.7236042,-10.72360505,7.920529069e-06,0,0,1
simple,1e-05,min,34,8.49366188e-07,3.515790399e-06,2,8.49366188e-07,0,0,nan,20.04164314,20.04164244,3.513084538e-06,0,0,1
simple,1e-05,max,34,8.49366188e-07,2.764539546e-06,4,8.49366188e-07,-20.76524734,-20.76524749,6.996609249e-07,-10.7236042,-10.72360505,7.920529069e-06,0,0,1
simple,1e-06,min,34,8.49366188e-07,3.515790399e-06,2,8.49366188e-07,0,0,nan,20.04164314,20.04164244,3.513084538e-06,0,0,1
simple,1e-06,max,34,8.49366188e-07,2.764539546e-06,4,8.49366188e-07,-20.76524734,-20.76524749,6.996609249e-07,-10.7236042,-10.72360505,7.920529069e-06,0,0,1
unit,0.0001,min,34,6.556510925e-06,9.101207867e-06,2,1.430511475e-06,0,0,nan,99.54688263,99.54688287,2.395038125e-07,0,0,1
unit,0.0001,max,34,6.914138794e-06,8.749289437e-06,4,1.394748688e-05,-1913.077408,-1913.077383,1.296107106e-06,-1603.494995,-1603.494981,8.69817924e-07,0,0,1
unit,1e-05,min,34,6.556510925e-06,9.101207867e-06,2,1.430511475e-06,0,0,nan,99.54688263,99.54688287,2.395038125e-07,0,0,1
unit,1e-05,max,34,6.914138794e-06,8.749289437e-06,4,1.394748688e-05,-1913.077408,-1913.077383,1.296107106e-06,-1603.494995,-1603.494981,8.69817924e-07,0,0,1
unit,1e-06,min,34,6.556510925e-06,9.101207867e-06,2,1.430511475e-06,0,0,nan,99.54688263,99.54688287,2.395038125e-07,0,0,1
unit,1e-06,max,34,6.914138794e-06,8.749289437e-06,4,1.394748688e-05,-1913.077408,-1913.077383,1.296107106e-06,-1603.494995,-1603.494981,8.69817924e-07,0,0,1
incremental,0.0001,min,34,8.49366188e-07,3.515790399e-06,2,8.49366188e-07,0,0,nan,20.04164314,20.04164244,3.513084538e-06,0,0,1
incremental,0.0001,max,34,8.49366188e-07,2.764539546e-06,4,8.49366188e-07,-20.76524734,-20.76524749,6.996609249e-07,-10.7236042,-10.72360505,7.920529069e-06,0,0,1
incremental,1e-05,min,34,8.49366188e-07,3.515790399e-06,2,8.49366188e-07,0,0,nan,20.04164314,20.04164244,3.513084538e-06,0,0,1
incremental,1e-05,max,34,8.49366188e-07,2.764539546e-06,4,8.49366188e-07,-20.76524734,-20.76524749,6.996609249e-07,-10.7236042,-10.72360505,7.920529069e-06,0,0,1
incremental,1e-06,min,34,8.49366188e-07,3.515790399e-06,2,8.49366188e-07,0,0,nan,20.04164314,20.04164244,3.513084538e-06,0,0,1
incremental,1e-06,max,34,8.49366188e-07,2.764539546e-06,4,8.49366188e-07,-20.76524734,-20.76524749,6.996609249e-07,-10.7236042,-10.72360505,7.920529069e-06,0,0,1
fcpc26,0.0001,min,34,8.49366188e-07,3.515790399e-06,2,8.49366188e-07,0,0,nan,20.04164314,20.04164244,3.513084538e-06,0,0,1
fcpc26,0.0001,max,34,8.49366188e-07,2.764539546e-06,4,8.49366188e-07,-20.76524734,-20.76524749,6.996609249e-07,-10.7236042,-10.72360505,7.920529069e-06,0,0,1
fcpc26,1e-05,min,34,8.49366188e-07,3.515790399e-06,2,8.49366188e-07,0,0,nan,20.04164314,20.04164244,3.513084538e-06,0,0,1
fcpc26,1e-05,max,34,8.49366188e-07,2.764539546e-06,4,8.49366188e-07,-20.76524734,-20.76524749,6.996609249e-07,-10.7236042,-10.72360505,7.920529069e-06,0,0,1
fcpc26,1e-06,min,34,8.49366188e-07,3.515790399e-06,2,8.49366188e-07,0,0,nan,20.04164314,20.04164244,3.513084538e-06,0,0,1
fcpc26,1e-06,max,34,8.49366188e-07,2.764539546e-06,4,8.49366188e-07,-20.76524734,-20.76524749,6.996609249e-07,-10.7236042,-10.72360505,7.920529069e-06,0,0,1
sizer,0.0001,min,50,5.960464478e-08,7.438520135e-06,4,2.635642886e-07,-33.09818029,-33.0981803,1.969672642e-08,-8.555800438,-8.555800701,3.080533382e-06,0,0,1
sizer,0.0001,max,50,1.192092896e-07,8.249330402e-06,4,4.61935997e-07,0,0,nan,8.883703232,8.883702829,4.528869794e-06,0,0,1
sizer,1e-05,min,50,5.960464478e-08,7.438520135e-06,4,2.635642886e-07,-33.09818029,-33.0981803,1.969672642e-08,-8.555800438,-8.555800701,3.080533382e-06,0,0,1
sizer,1e-05,max,50,1.192092896e-07,8.249330402e-06,4,4.61935997e-07,0,0,nan,8.883703232,8.883702829,4.528869794e-06,0,0,1
sizer,1e-06,min,50,5.960464478e-08,7.438520135e-06,4,2.635642886e-07,-33.09818029,-33.0981803,1.969672642e-08,-8.555800438,-8.555800701,3.080533382e-06,0,0,1
sizer,1e-06,max,50,1.192092896e-07,8.249330402e-06,4,4.61935997e-07,0,0,nan,8.883703232,8.883702829,4.528869794e-06,0,0,1
optimizer,0.0001,min,162,2.744793892e-05,1.348389124e-05,8,5.715340376e-05,-958.0258675,-958.0259469,8.289810875e-06,-282.8639832,-282.8640403,2.020526018e-05,0,0,1
optimizer,0.0001,max,162,5.614757538e-05,1.661139112e-05,8,4.670768976e-05,-2382.033066,-2382.03318,4.798844684e-06,-449.7573853,-449.7573805,1.065179468e-06,0,0,1
optimizer,1e-05,min,162,2.744793892e-05,1.348389124e-05,8,5.715340376e-05,-958.0258675,-958.0259469,8.289810875e-06,-282.8639832,-282.8640403,2.020526018e-05,0,0,1
optimizer,1e-05,max,162,5.614757538e-05,1.661139112e-05,8,4.670768976e-05,-2382.033066,-2382.03318,4.798844684e-06,-449.7573853,-449.7573805,1.065179468e-06,0,0,1
optimizer,1e-06,min,162,2.744793892e-05,1.348389124e-05,8,5.715340376e-05,-958.0258675,-958.0259469,8.289810875e-06,-282.8639832,-282.8640403,2.020526018e-05,0,0,1
optimizer,1e-06,max,162,5.614757538e-05,1.661139112e-05,8,4.670768976e-05,-2382.033066,-2382.03318,4.798844684e-06,-449.7573853,-449.7573805,1.065179468e-06,0,0,1
map9v3,0.0001,min,1177,0.0001064223347,1.061697927e-05,52,6.437301636e-05,0,0,nan,12.41052246,12.4105227,1.921100259e-06,0,0,1
map9v3,0.0001,max,1177,9.053397162e-05,9.026992218e-06,52,5.745887756e-05,-916.9120483,-916.9129639,9.98473566e-05,-22.23919678,-22.23921223,6.948319363e-05,0,0,1
map9v3,1e-05,min,1177,8.408725262e-05,8.295913197e-06,52,6.437301636e-05,0,0,nan,12.41052246,12.4105227,1.921100259e-06,0,0,1
map9v3,1e-05,max,1177,6.568431854e-05,6.531484953e-06,52,5.745887756e-05,-916.9120483,-916.9129639,9.98473566e-05,-22.23919678,-22.23921223,6.948319363e-05,0,0,1
map9v3,1e-06,min,1177,8.408725262e-05,8.295913197e-06,52,6.437301636e-05,0,0,nan,12.41052246,12.4105227,1.921100259e-06,0,0,1
map9v3,1e-06,max,1177,6.568431854e-05,6.531484953e-06,52,5.745887756e-05,-916.9120483,-916.9129639,9.98473566e-05,-22.23919678,-22.23921223,6.948319363e-05,0,0,1
